-- Delete existing data to avoid conflicts on re-runs with create-drop
DELETE FROM resposta_usuario;
DELETE FROM exercicio_alternativas;
DELETE FROM exercicio;
DELETE FROM usuario;


INSERT INTO usuario (id, nome, email, senha) VALUES
(1, 'Aluno Teste', 'aluno@teste.com', 'senha123'), -- ID will be auto-generated by sequence if not specified
(2, 'Aluno Teste 2', 'aluno2@teste.com', 'senha123'); -- ID will be auto-generated by sequence if not specified

-- Sample Exercícios
INSERT INTO exercicio (id, titulo, enunciado, resposta_correta, dificuldade, categoria, feedback_correto, feedback_incorreto) VALUES
(1, 'Lei de Ohm - Exercício 1', 'Um resistor de 220Ω está conectado a uma fonte de 5V. Qual é a corrente que flui pelo resistor?', 0, 'FACIL', 'lei-ohm', 'Correto! A corrente é calculada usando I = V/R = 5V/220Ω = 0.0227A ou 22.7mA.', 'Incorreto. Tente novamente! Lembre-se que I = V/R.'),
(2, 'Leis de Kirchhoff - Correntes', 'Em um nó, a soma das correntes que entram é igual à soma das correntes que saem. Verdadeiro ou Falso?', 0, 'FACIL', 'leis-kirchhoff', 'Correto! Esta é a Lei das Correntes de Kirchhoff (LCK).', 'Incorreto. Relembre a Lei das Correntes de Kirchhoff.'),
(3, 'Componentes - Capacitor', 'Qual a unidade de medida da capacitância?', 2, 'MEDIO', 'componentes', 'Correto! A unidade de medida da capacitância é o Farad (F).', 'Incorreto. Pense na definição de capacitor.'),
(4, 'Lei de Ohm - Avançado', 'Uma lâmpada tem resistência de 10Ω. Se uma corrente de 2A passa por ela, qual a tensão aplicada?', 1, 'MEDIO', 'lei-ohm', 'Correto! V = I * R = 2A * 10Ω = 20V.', 'Incorreto. Use V = I * R.');


-- Alternativas para Exercicio 1 (ID=1)
INSERT INTO exercicio_alternativas (exercicio_id, alternativas_order, alternativas) VALUES
(1, 0, 'a) 0.0227A'),
(1, 1, 'b) 0.0277A'),
(1, 2, 'c) 0.0227mA'),
(1, 3, 'd) 22.7mA');

-- Alternativas para Exercicio 2 (ID=2)
INSERT INTO exercicio_alternativas (exercicio_id, alternativas_order, alternativas) VALUES
(2, 0, 'a) Verdadeiro'),
(2, 1, 'b) Falso');

-- Alternativas para Exercicio 3 (ID=3)
INSERT INTO exercicio_alternativas (exercicio_id, alternativas_order, alternativas) VALUES
(3, 0, 'a) Ohm (Ω)'),
(3, 1, 'b) Ampere (A)'),
(3, 2, 'c) Farad (F)'),
(3, 3, 'd) Volt (V)');

-- Alternativas para Exercicio 4 (ID=4)
INSERT INTO exercicio_alternativas (exercicio_id, alternativas_order, alternativas) VALUES
(4, 0, 'a) 5V'),
(4, 1, 'b) 20V'),
(4, 2, 'c) 0.2V'),
(4, 3, 'd) 12V');

-- Exercicio 5: Teoremas de Circuitos - Thévenin
INSERT INTO exercicio (id, titulo, enunciado, resposta_correta, dificuldade, categoria, feedback_correto, feedback_incorreto) VALUES
(5, 'Teorema de Thévenin - Conceito', 'O Teorema de Thévenin permite simplificar um circuito linear complexo em uma única fonte de tensão em série com uma única resistência. Verdadeiro ou Falso?', 0, 'MEDIO', 'teoremas', 'Correto! Essa é a essência do Teorema de Thévenin.', 'Incorreto. Reveja a definição do Teorema de Thévenin.');

-- Exercicio 6: Componentes Básicos - Indutor
INSERT INTO exercicio (id, titulo, enunciado, resposta_correta, dificuldade, categoria, feedback_correto, feedback_incorreto) VALUES
(6, 'Componentes - Indutor', 'Qual é a principal propriedade de um indutor em um circuito elétrico?', 2, 'MEDIO', 'componentes', 'Correto! Indutores se opõem a variações na corrente elétrica, armazenando energia em um campo magnético.', 'Incorreto. Pense sobre como um indutor reage a mudanças na corrente.');

-- Exercicio 7: Análise AC - Impedância
INSERT INTO exercicio (id, titulo, enunciado, resposta_correta, dificuldade, categoria, feedback_correto, feedback_incorreto) VALUES
(7, 'Análise AC - Impedância Capacitiva', 'Em um circuito AC, como a reatância capacitiva (Xc) varia com o aumento da frequência (f)?', 1, 'DIFICIL', 'analise-ac-dc', 'Correto! Xc = 1/(2πfC). Portanto, se f aumenta, Xc diminui.', 'Incorreto. Lembre-se da fórmula da reatância capacitiva: Xc = 1/(2πfC).');

-- Exercicio 8: Leis de Kirchhoff - Tensões (LKT)
INSERT INTO exercicio (id, titulo, enunciado, resposta_correta, dificuldade, categoria, feedback_correto, feedback_incorreto) VALUES
(8, 'Leis de Kirchhoff - Tensões', 'De acordo com a Lei das Tensões de Kirchhoff (LKT), a soma algébrica das tensões em qualquer malha fechada de um circuito é igual a:', 2, 'FACIL', 'leis-kirchhoff', 'Correto! A LKT afirma que a soma das elevações de tensão é igual à soma das quedas de tensão em uma malha, ou seja, a soma algébrica é zero.', 'Incorreto. Relembre o princípio fundamental da Lei das Tensões de Kirchhoff.');

-- Exercicio 9: Filtros - Passa-Baixa RC
INSERT INTO exercicio (id, titulo, enunciado, resposta_correta, dificuldade, categoria, feedback_correto, feedback_incorreto) VALUES
(9, 'Filtros - Passa-Baixa RC', 'Em um filtro passa-baixa RC simples, qual componente é conectado em série com o sinal de entrada e qual é conectado em paralelo com a saída (ou carga)?', 0, 'DIFICIL', 'filtros', 'Correto! O resistor (R) fica em série com a entrada, e o capacitor (C) fica em paralelo com a saída.', 'Incorreto. Considere a configuração típica de um filtro passa-baixa RC e como as impedâncias de R e C variam com a frequência.');

-- Exercicio 10: Lei de Ohm - Potência
INSERT INTO exercicio (id, titulo, enunciado, resposta_correta, dificuldade, categoria, feedback_correto, feedback_incorreto) VALUES
(10, 'Lei de Ohm - Potência', 'Um resistor de 100Ω dissipa 4W de potência. Qual a corrente que flui através dele?', 1, 'MEDIO', 'lei-ohm', 'Correto! P = I²R => I = √(P/R) = √(4/100) = √0.04 = 0.2A.', 'Incorreto. Use uma das fórmulas de potência: P = VI, P = I²R ou P = V²/R.');

-- Alternativas para Exercicio 5 (ID=5)
INSERT INTO exercicio_alternativas (exercicio_id, alternativas_order, alternativas) VALUES
(5, 0, 'a) Verdadeiro'),
(5, 1, 'b) Falso');

-- Alternativas para Exercicio 6 (ID=6)
INSERT INTO exercicio_alternativas (exercicio_id, alternativas_order, alternativas) VALUES
(6, 0, 'a) Amplificar a tensão'),
(6, 1, 'b) Opor-se a variações na tensão'),
(6, 2, 'c) Opor-se a variações na corrente'),
(6, 3, 'd) Gerar corrente contínua');

-- Alternativas para Exercicio 7 (ID=7)
INSERT INTO exercicio_alternativas (exercicio_id, alternativas_order, alternativas) VALUES
(7, 0, 'a) Aumenta linearmente'),
(7, 1, 'b) Diminui inversamente'),
(7, 2, 'c) Permanece constante'),
(7, 3, 'd) Aumenta quadraticamente');

-- Alternativas para Exercicio 8 (ID=8)
INSERT INTO exercicio_alternativas (exercicio_id, alternativas_order, alternativas) VALUES
(8, 0, 'a) A corrente total que entra no circuito'),
(8, 1, 'b) A maior tensão da fonte no circuito'),
(8, 2, 'c) Zero'),
(8, 3, 'd) Infinito');

-- Alternativas para Exercicio 9 (ID=9)
INSERT INTO exercicio_alternativas (exercicio_id, alternativas_order, alternativas) VALUES
(9, 0, 'a) Resistor em série, Capacitor em paralelo'),
(9, 1, 'b) Capacitor em série, Resistor em paralelo'),
(9, 2, 'c) Ambos em série'),
(9, 3, 'd) Ambos em paralelo');

-- Alternativas para Exercicio 10 (ID=10)
INSERT INTO exercicio_alternativas (exercicio_id, alternativas_order, alternativas) VALUES
(10, 0, 'a) 0.4A'),
(10, 1, 'b) 0.2A'),
(10, 2, 'c) 2A'),
(10, 3, 'd) 0.04A');